date,platform,abs_orbit,rel_orbit,orbit_state,kp_pct,sk_pct,jeju_pct,id
2022-07-30,SENTINEL-1A,44328,156,ascending,29.5,0.0,0.0,S1A_IW_GRDH_1SDV_20220730T091710_20220730T091739_044328_054A4C_6279_COG
2022-07-28,SENTINEL-1A,44299,127,ascending,76.3,36.6,0.0,S1A_IW_GRDH_1SDV_20220728T093224_20220728T093249_044299_05497F_50CE_COG
2022-07-28,SENTINEL-1A,44299,127,ascending,60.7,55.8,0.0,S1A_IW_GRDH_1SDV_20220728T093159_20220728T093224_044299_05497F_21DD_COG
2022-07-28,SENTINEL-1A,44299,127,ascending,49.6,31.0,0.0,S1A_IW_GRDH_1SDV_20220728T093130_20220728T093159_044299_05497F_E8AC_COG
2022-07-23,SENTINEL-1A,44226,54,ascending,68.5,59.8,0.0,S1A_IW_GRDH_1SDV_20220723T092355_20220723T092423_044226_05474A_236A_COG
2022-07-23,SENTINEL-1A,44226,54,ascending,46.6,32.0,0.0,S1A_IW_GRDH_1SDV_20220723T092326_20220723T092355_044226_05474A_2094_COG
2022-07-21,SENTINEL-1A,44197,25,ascending,20.7,0.0,0.0,S1A_IW_GRDH_1SDV_20220721T094051_20220721T094121_044197_054675_1E69_COG
2022-07-18,SENTINEL-1A,44153,156,ascending,29.5,0.0,0.0,S1A_IW_GRDH_1SDV_20220718T091709_20220718T091738_044153_054526_3CC7_COG
2022-07-16,SENTINEL-1A,44124,127,ascending,76.3,36.5,0.0,S1A_IW_GRDH_1SDV_20220716T093223_20220716T093248_044124_054450_E65A_COG
2022-07-16,SENTINEL-1A,44124,127,ascending,60.6,55.7,0.0,S1A_IW_GRDH_1SDV_20220716T093158_20220716T093223_044124_054450_5FD3_COG
2022-07-16,SENTINEL-1A,44124,127,ascending,49.5,31.0,0.0,S1A_IW_GRDH_1SDV_20220716T093129_20220716T093158_044124_054450_D04C_COG
2022-07-11,SENTINEL-1A,44051,54,ascending,68.5,59.8,0.0,S1A_IW_GRDH_1SDV_20220711T092354_20220711T092423_044051_054211_B9CF_COG
2022-07-11,SENTINEL-1A,44051,54,ascending,46.6,32.0,0.0,S1A_IW_GRDH_1SDV_20220711T092325_20220711T092354_044051_054211_4794_COG
2022-07-09,SENTINEL-1A,44022,25,ascending,20.7,0.0,0.0,S1A_IW_GRDH_1SDV_20220709T094050_20220709T094120_044022_054139_3BB8_COG
2022-07-06,SENTINEL-1A,43978,156,ascending,29.5,0.0,0.0,S1A_IW_GRDH_1SDV_20220706T091708_20220706T091737_043978_053FE4_03B2_COG
2022-07-04,SENTINEL-1A,43949,127,ascending,76.3,36.5,0.0,S1A_IW_GRDH_1SDV_20220704T093222_20220704T093248_043949_053F15_2C84_COG
2022-07-04,SENTINEL-1A,43949,127,ascending,60.6,55.7,0.0,S1A_IW_GRDH_1SDV_20220704T093157_20220704T093222_043949_053F15_44BA_COG
2022-07-04,SENTINEL-1A,43949,127,ascending,49.5,31.0,0.0,S1A_IW_GRDH_1SDV_20220704T093128_20220704T093157_043949_053F15_CDA8_COG
2022-08-28,SENTINEL-1A,44751,54,ascending,72.4,63.1,0.0,S1A_IW_GRDH_1SDV_20220828T092357_20220828T092409_044751_0557E7_142D_COG
2022-08-28,SENTINEL-1A,44751,54,ascending,46.7,32.0,0.0,S1A_IW_GRDH_1SDV_20220828T092328_20220828T092357_044751_0557E7_8E60_COG
2022-08-26,SENTINEL-1A,44722,25,ascending,8.4,0.0,0.0,S1A_IW_GRDH_1SDV_20220826T094122_20220826T094156_044722_0556FD_71AB_COG
2022-08-26,SENTINEL-1A,44722,25,ascending,20.4,0.0,0.0,S1A_IW_GRDH_1SDV_20220826T094053_20220826T094122_044722_0556FD_2098_COG
2022-08-23,SENTINEL-1A,44678,156,ascending,29.6,0.0,0.0,S1A_IW_GRDH_1SDV_20220823T091711_20220823T091740_044678_055574_AFDB_COG
2022-08-21,SENTINEL-1A,44649,127,ascending,76.3,36.5,0.0,S1A_IW_GRDH_1SDV_20220821T093225_20220821T093251_044649_05548C_7C74_COG
2022-08-21,SENTINEL-1A,44649,127,ascending,60.6,55.7,0.0,S1A_IW_GRDH_1SDV_20220821T093200_20220821T093225_044649_05548C_FFA9_COG
2022-08-21,SENTINEL-1A,44649,127,ascending,49.5,31.0,0.0,S1A_IW_GRDH_1SDV_20220821T093131_20220821T093200_044649_05548C_34DA_COG
2022-08-16,SENTINEL-1A,44576,54,ascending,55.2,0.0,0.0,S1A_IW_GRDH_1SDV_20220816T092512_20220816T092537_044576_0551FC_1AF3_COG
2022-08-16,SENTINEL-1A,44576,54,ascending,61.3,0.0,0.0,S1A_IW_GRDH_1SDV_20220816T092447_20220816T092512_044576_0551FC_AAF7_COG
2022-08-16,SENTINEL-1A,44576,54,ascending,45.7,27.3,0.0,S1A_IW_GRDH_1SDV_20220816T092422_20220816T092447_044576_0551FC_DA9C_COG
2022-08-16,SENTINEL-1A,44576,54,ascending,69.4,60.4,0.0,S1A_IW_GRDH_1SDV_20220816T092357_20220816T092422_044576_0551FC_69A0_COG
2022-08-16,SENTINEL-1A,44576,54,ascending,46.3,31.8,0.0,S1A_IW_GRDH_1SDV_20220816T092328_20220816T092357_044576_0551FC_DBCB_COG
2022-08-14,SENTINEL-1A,44547,25,ascending,8.4,0.0,0.0,S1A_IW_GRDH_1SDV_20220814T094122_20220814T094155_044547_055117_CD76_COG
2022-08-14,SENTINEL-1A,44547,25,ascending,20.4,0.0,0.0,S1A_IW_GRDH_1SDV_20220814T094052_20220814T094122_044547_055117_5D99_COG
2022-08-11,SENTINEL-1A,44503,156,ascending,29.6,0.0,0.0,S1A_IW_GRDH_1SDV_20220811T091710_20220811T091739_044503_054F89_6BA3_COG
2022-08-09,SENTINEL-1A,44474,127,ascending,76.2,36.5,0.0,S1A_IW_GRDH_1SDV_20220809T093225_20220809T093250_044474_054EA8_7499_COG
2022-08-09,SENTINEL-1A,44474,127,ascending,60.6,55.7,0.0,S1A_IW_GRDH_1SDV_20220809T093200_20220809T093225_044474_054EA8_783C_COG
2022-08-09,SENTINEL-1A,44474,127,ascending,49.5,31.0,0.0,S1A_IW_GRDH_1SDV_20220809T093130_20220809T093200_044474_054EA8_941E_COG
2022-08-04,SENTINEL-1A,44401,54,ascending,72.5,63.2,0.0,S1A_IW_GRDH_1SDV_20220804T092356_20220804T092408_044401_054C72_6F23_COG
2022-08-04,SENTINEL-1A,44401,54,ascending,46.7,32.1,0.0,S1A_IW_GRDH_1SDV_20220804T092327_20220804T092356_044401_054C72_4817_COG
2022-08-02,SENTINEL-1A,44372,25,ascending,20.7,0.0,0.0,S1A_IW_GRDH_1SDV_20220802T094052_20220802T094122_044372_054B9F_CBFF_COG
2023-07-30,SENTINEL-1A,49651,54,ascending,55.2,0.0,0.0,S1A_IW_GRDH_1SDV_20230730T092515_20230730T092540_049651_05F86B_066F_COG
2023-07-30,SENTINEL-1A,49651,54,ascending,61.3,0.0,0.0,S1A_IW_GRDH_1SDV_20230730T092450_20230730T092515_049651_05F86B_D9B9_COG
2023-07-30,SENTINEL-1A,49651,54,ascending,45.7,27.3,0.0,S1A_IW_GRDH_1SDV_20230730T092425_20230730T092450_049651_05F86B_165D_COG
2023-07-30,SENTINEL-1A,49651,54,ascending,69.4,60.4,0.0,S1A_IW_GRDH_1SDV_20230730T092400_20230730T092425_049651_05F86B_1989_COG
2023-07-30,SENTINEL-1A,49651,54,ascending,46.3,31.8,0.0,S1A_IW_GRDH_1SDV_20230730T092331_20230730T092400_049651_05F86B_2796_COG
2023-07-28,SENTINEL-1A,49622,25,ascending,8.4,0.0,0.0,S1A_IW_GRDH_1SDV_20230728T094125_20230728T094159_049622_05F78D_5F3C_COG
2023-07-28,SENTINEL-1A,49622,25,ascending,20.3,0.0,0.0,S1A_IW_GRDH_1SDV_20230728T094056_20230728T094125_049622_05F78D_EDE7_COG
2023-07-25,SENTINEL-1A,49578,156,ascending,28.8,0.0,0.0,S1A_IW_GRDH_1SDV_20230725T091714_20230725T091744_049578_05F627_BC6D_COG
2023-07-23,SENTINEL-1A,49556,134,descending,5.3,0.0,4.8,S1A_IW_GRDH_1SDV_20230723T213346_20230723T213409_049556_05F581_2672_COG
2023-07-23,SENTINEL-1A,49556,134,descending,53.6,31.4,0.0,S1A_IW_GRDH_1SDV_20230723T213321_20230723T213346_049556_05F581_DFF0_COG
2023-07-23,SENTINEL-1A,49556,134,descending,87.1,82.3,0.0,S1A_IW_GRDH_1SDV_20230723T213256_20230723T213321_049556_05F581_CF72_COG
2023-07-23,SENTINEL-1A,49556,134,descending,78.9,56.8,0.0,S1A_IW_GRDH_1SDV_20230723T213227_20230723T213256_049556_05F581_188A_COG
2023-07-23,SENTINEL-1A,49549,127,ascending,76.2,36.5,0.0,S1A_IW_GRDH_1SDV_20230723T093228_20230723T093254_049549_05F549_90AC_COG
2023-07-23,SENTINEL-1A,49549,127,ascending,60.6,55.7,0.0,S1A_IW_GRDH_1SDV_20230723T093203_20230723T093228_049549_05F549_61A3_COG
2023-07-23,SENTINEL-1A,49549,127,ascending,49.5,31.0,0.0,S1A_IW_GRDH_1SDV_20230723T093134_20230723T093203_049549_05F549_7A75_COG
2023-07-18,SENTINEL-1A,49483,61,descending,35.7,23.6,0.0,S1A_IW_GRDH_1SDV_20230718T212455_20230718T212529_049483_05F346_86A8_COG
2023-07-18,SENTINEL-1A,49483,61,descending,26.9,18.2,0.0,S1A_IW_GRDH_1SDV_20230718T212426_20230718T212455_049483_05F346_E267_COG
2023-07-18,SENTINEL-1A,49476,54,ascending,55.2,0.0,0.0,S1A_IW_GRDH_1SDV_20230718T092515_20230718T092540_049476_05F302_20BA_COG
2023-07-18,SENTINEL-1A,49476,54,ascending,61.3,0.0,0.0,S1A_IW_GRDH_1SDV_20230718T092450_20230718T092515_049476_05F302_BDDC_COG
2023-07-18,SENTINEL-1A,49476,54,ascending,45.7,27.3,0.0,S1A_IW_GRDH_1SDV_20230718T092425_20230718T092450_049476_05F302_22EA_COG
2023-07-18,SENTINEL-1A,49476,54,ascending,69.4,60.3,0.0,S1A_IW_GRDH_1SDV_20230718T092400_20230718T092425_049476_05F302_0F5A_COG
2023-07-18,SENTINEL-1A,49476,54,ascending,46.3,31.8,0.0,S1A_IW_GRDH_1SDV_20230718T092331_20230718T092400_049476_05F302_680A_COG
2023-07-16,SENTINEL-1A,49447,25,ascending,8.4,0.0,0.0,S1A_IW_GRDH_1SDV_20230716T094125_20230716T094159_049447_05F22E_7CCC_COG
2023-07-16,SENTINEL-1A,49447,25,ascending,20.4,0.0,0.0,S1A_IW_GRDH_1SDV_20230716T094056_20230716T094125_049447_05F22E_8478_COG
2023-07-13,SENTINEL-1A,49403,156,ascending,28.8,0.0,0.0,S1A_IW_GRDH_1SDV_20230713T091714_20230713T091743_049403_05F0CB_4CFB_COG
2023-07-11,SENTINEL-1A,49374,127,ascending,50.0,31.9,0.0,S1A_IW_GRDH_1SDV_20230711T093134_20230711T093204_049374_05EFF6_7FC7_COG
2023-07-06,SENTINEL-1A,49301,54,ascending,34.9,17.0,0.0,S1A_IW_GRDH_1SDV_20230706T092330_20230706T092349_049301_05EDA0_E070_COG
2023-07-04,SENTINEL-1A,49272,25,ascending,8.4,0.0,0.0,S1A_IW_GRDH_1SDV_20230704T094124_20230704T094158_049272_05ECC3_338F_COG
2023-07-04,SENTINEL-1A,49272,25,ascending,20.4,0.0,0.0,S1A_IW_GRDH_1SDV_20230704T094055_20230704T094124_049272_05ECC3_ABE4_COG
2023-07-01,SENTINEL-1A,49228,156,ascending,29.5,0.0,0.0,S1A_IW_GRDH_1SDV_20230701T091712_20230701T091741_049228_05EB5E_D1DD_COG
2023-08-30,SENTINEL-1A,50103,156,ascending,29.5,0.0,0.0,S1A_IW_GRDH_1SDV_20230830T091716_20230830T091745_050103_06077E_4776_COG
2023-08-28,SENTINEL-1A,50074,127,ascending,76.2,36.5,0.0,S1A_IW_GRDH_1SDV_20230828T093230_20230828T093256_050074_06068A_9564_COG
2023-08-28,SENTINEL-1A,50074,127,ascending,60.6,55.7,0.0,S1A_IW_GRDH_1SDV_20230828T093205_20230828T093230_050074_06068A_038B_COG
2023-08-28,SENTINEL-1A,50074,127,ascending,49.6,31.0,0.0,S1A_IW_GRDH_1SDV_20230828T093136_20230828T093205_050074_06068A_C97C_COG
2023-08-23,SENTINEL-1A,50001,54,ascending,34.9,17.0,0.0,S1A_IW_GRDH_1SDV_20230823T092333_20230823T092351_050001_0603F1_5296_COG
2023-08-21,SENTINEL-1A,49972,25,ascending,8.4,0.0,0.0,S1A_IW_GRDH_1SDV_20230821T094126_20230821T094200_049972_06030F_EDFC_COG
2023-08-21,SENTINEL-1A,49972,25,ascending,20.4,0.0,0.0,S1A_IW_GRDH_1SDV_20230821T094057_20230821T094126_049972_06030F_29BB_COG
2023-08-18,SENTINEL-1A,49928,156,ascending,29.5,0.0,0.0,S1A_IW_GRDH_1SDV_20230818T091716_20230818T091745_049928_060179_3D07_COG
2023-08-16,SENTINEL-1A,49899,127,ascending,76.3,36.5,0.0,S1A_IW_GRDH_1SDV_20230816T093230_20230816T093255_049899_06008D_B0B1_COG
2023-08-16,SENTINEL-1A,49899,127,ascending,60.6,55.7,0.0,S1A_IW_GRDH_1SDV_20230816T093205_20230816T093230_049899_06008D_59D5_COG
2023-08-16,SENTINEL-1A,49899,127,ascending,49.6,31.0,0.0,S1A_IW_GRDH_1SDV_20230816T093136_20230816T093205_049899_06008D_2CF5_COG
2023-08-11,SENTINEL-1A,49826,54,ascending,34.9,17.0,0.0,S1A_IW_GRDH_1SDV_20230811T092331_20230811T092350_049826_05FDFD_2BDA_COG
2023-08-09,SENTINEL-1A,49797,25,ascending,8.4,0.0,0.0,S1A_IW_GRDH_1SDV_20230809T094125_20230809T094159_049797_05FD15_8594_COG
2023-08-09,SENTINEL-1A,49797,25,ascending,20.4,0.0,0.0,S1A_IW_GRDH_1SDV_20230809T094056_20230809T094125_049797_05FD15_F32D_COG
2023-08-06,SENTINEL-1A,49753,156,ascending,29.5,0.0,0.0,S1A_IW_GRDH_1SDV_20230806T091715_20230806T091744_049753_05FB8D_41B1_COG
2023-08-04,SENTINEL-1A,49724,127,ascending,76.2,36.5,0.0,S1A_IW_GRDH_1SDV_20230804T093230_20230804T093255_049724_05FAB0_9DE4_COG
2023-08-04,SENTINEL-1A,49724,127,ascending,60.6,55.7,0.0,S1A_IW_GRDH_1SDV_20230804T093205_20230804T093230_049724_05FAB0_8450_COG
2023-08-04,SENTINEL-1A,49724,127,ascending,49.5,31.0,0.0,S1A_IW_GRDH_1SDV_20230804T093136_20230804T093205_049724_05FAB0_D3A7_COG
2024-07-31,SENTINEL-1A,55003,156,ascending,29.5,0.0,0.0,S1A_IW_GRDH_1SDV_20240731T091712_20240731T091741_055003_06B362_6B05_COG
2024-07-29,SENTINEL-1A,54974,127,ascending,76.3,36.6,0.0,S1A_IW_GRDH_1SDV_20240729T093226_20240729T093252_054974_06B26A_C682_COG
2024-07-29,SENTINEL-1A,54974,127,ascending,60.7,55.8,0.0,S1A_IW_GRDH_1SDV_20240729T093201_20240729T093226_054974_06B26A_3905_COG
2024-07-29,SENTINEL-1A,54974,127,ascending,49.6,31.0,0.0,S1A_IW_GRDH_1SDV_20240729T093132_20240729T093201_054974_06B26A_3460_COG
2024-07-24,SENTINEL-1A,54901,54,ascending,55.3,0.0,0.0,S1A_IW_GRDH_1SDV_20240724T092513_20240724T092538_054901_06AFD4_E47C_COG
2024-07-24,SENTINEL-1A,54901,54,ascending,61.2,0.0,0.0,S1A_IW_GRDH_1SDV_20240724T092448_20240724T092513_054901_06AFD4_40AC_COG
2024-07-24,SENTINEL-1A,54901,54,ascending,45.6,27.3,0.0,S1A_IW_GRDH_1SDV_20240724T092423_20240724T092448_054901_06AFD4_81F7_COG
2024-07-24,SENTINEL-1A,54901,54,ascending,69.3,60.3,0.0,S1A_IW_GRDH_1SDV_20240724T092358_20240724T092423_054901_06AFD4_4A66_COG
2024-07-24,SENTINEL-1A,54901,54,ascending,46.2,31.7,0.0,S1A_IW_GRDH_1SDV_20240724T092329_20240724T092358_054901_06AFD4_0C34_COG
2024-07-22,SENTINEL-1A,54872,25,ascending,8.4,0.0,0.0,S1A_IW_GRDH_1SDV_20240722T094123_20240722T094157_054872_06AED0_925C_COG
2024-07-22,SENTINEL-1A,54872,25,ascending,20.5,0.0,0.0,S1A_IW_GRDH_1SDV_20240722T094054_20240722T094123_054872_06AED0_79C8_COG
2024-07-19,SENTINEL-1A,54828,156,ascending,29.5,0.0,0.0,S1A_IW_GRDH_1SDV_20240719T091712_20240719T091741_054828_06AD48_0239_COG
2024-07-17,SENTINEL-1A,54799,127,ascending,76.3,36.6,0.0,S1A_IW_GRDH_1SDV_20240717T093226_20240717T093252_054799_06AC4E_482F_COG
2024-07-17,SENTINEL-1A,54799,127,ascending,60.7,55.8,0.0,S1A_IW_GRDH_1SDV_20240717T093201_20240717T093226_054799_06AC4E_5EF4_COG
2024-07-17,SENTINEL-1A,54799,127,ascending,49.6,31.1,0.0,S1A_IW_GRDH_1SDV_20240717T093132_20240717T093201_054799_06AC4E_A7E7_COG
2024-07-12,SENTINEL-1A,54726,54,ascending,55.3,0.0,0.0,S1A_IW_GRDH_1SDV_20240712T092513_20240712T092538_054726_06A9BD_0480_COG
2024-07-12,SENTINEL-1A,54726,54,ascending,61.2,0.0,0.0,S1A_IW_GRDH_1SDV_20240712T092448_20240712T092513_054726_06A9BD_BB65_COG
2024-07-12,SENTINEL-1A,54726,54,ascending,45.6,27.3,0.0,S1A_IW_GRDH_1SDV_20240712T092423_20240712T092448_054726_06A9BD_7F0D_COG
2024-07-12,SENTINEL-1A,54726,54,ascending,69.3,60.3,0.0,S1A_IW_GRDH_1SDV_20240712T092358_20240712T092423_054726_06A9BD_1676_COG
2024-07-12,SENTINEL-1A,54726,54,ascending,46.2,31.7,0.0,S1A_IW_GRDH_1SDV_20240712T092329_20240712T092358_054726_06A9BD_E431_COG
2024-07-10,SENTINEL-1A,54697,25,ascending,8.4,0.0,0.0,S1A_IW_GRDH_1SDV_20240710T094123_20240710T094157_054697_06A8C2_9E4C_COG
2024-07-10,SENTINEL-1A,54697,25,ascending,20.5,0.0,0.0,S1A_IW_GRDH_1SDV_20240710T094054_20240710T094123_054697_06A8C2_2782_COG
2024-07-07,SENTINEL-1A,54653,156,ascending,29.5,0.0,0.0,S1A_IW_GRDH_1SDV_20240707T091713_20240707T091742_054653_06A73D_B3F9_COG
2024-07-05,SENTINEL-1A,54624,127,ascending,76.3,36.6,0.0,S1A_IW_GRDH_1SDV_20240705T093227_20240705T093252_054624_06A640_AD85_COG
2024-07-05,SENTINEL-1A,54624,127,ascending,60.7,55.8,0.0,S1A_IW_GRDH_1SDV_20240705T093202_20240705T093227_054624_06A640_1019_COG
2024-07-05,SENTINEL-1A,54624,127,ascending,49.6,31.0,0.0,S1A_IW_GRDH_1SDV_20240705T093133_20240705T093202_054624_06A640_AA45_COG
2024-08-29,SENTINEL-1A,55426,54,ascending,55.2,0.0,0.0,S1A_IW_GRDH_1SDV_20240829T092513_20240829T092538_055426_06C2AF_AE09_COG
2024-08-29,SENTINEL-1A,55426,54,ascending,61.3,0.0,0.0,S1A_IW_GRDH_1SDV_20240829T092448_20240829T092513_055426_06C2AF_E312_COG
2024-08-29,SENTINEL-1A,55426,54,ascending,45.7,27.3,0.0,S1A_IW_GRDH_1SDV_20240829T092423_20240829T092448_055426_06C2AF_A832_COG
2024-08-29,SENTINEL-1A,55426,54,ascending,69.4,60.4,0.0,S1A_IW_GRDH_1SDV_20240829T092358_20240829T092423_055426_06C2AF_C333_COG
2024-08-29,SENTINEL-1A,55426,54,ascending,46.3,31.8,0.0,S1A_IW_GRDH_1SDV_20240829T092329_20240829T092358_055426_06C2AF_917A_COG
2024-08-27,SENTINEL-1A,55397,25,ascending,8.4,0.0,0.0,S1A_IW_GRDH_1SDV_20240827T094123_20240827T094157_055397_06C1BB_B320_COG
2024-08-27,SENTINEL-1A,55397,25,ascending,20.3,0.0,0.0,S1A_IW_GRDH_1SDV_20240827T094054_20240827T094123_055397_06C1BB_6E5F_COG
2024-08-24,SENTINEL-1A,55353,156,ascending,29.5,0.0,0.0,S1A_IW_GRDH_1SDV_20240824T091712_20240824T091741_055353_06C00C_7C4D_COG
2024-08-24,SENTINEL-1A,55353,156,ascending,29.5,0.0,0.0,S1A_IW_GRDH_1SDV_20240824T091712_20240824T091741_055353_06C00C_5040_COG
2024-08-22,SENTINEL-1A,55324,127,ascending,76.3,36.5,0.0,S1A_IW_GRDH_1SDV_20240822T093226_20240822T093252_055324_06BEF8_85B5_COG
2024-08-22,SENTINEL-1A,55324,127,ascending,76.3,36.5,0.0,S1A_IW_GRDH_1SDV_20240822T093226_20240822T093252_055324_06BEF8_8293_COG
2024-08-22,SENTINEL-1A,55324,127,ascending,60.6,55.7,0.0,S1A_IW_GRDH_1SDV_20240822T093201_20240822T093226_055324_06BEF8_89CC_COG
2024-08-22,SENTINEL-1A,55324,127,ascending,60.6,55.7,0.0,S1A_IW_GRDH_1SDV_20240822T093201_20240822T093226_055324_06BEF8_0477_COG
2024-08-22,SENTINEL-1A,55324,127,ascending,49.5,31.0,0.0,S1A_IW_GRDH_1SDV_20240822T093132_20240822T093201_055324_06BEF8_B64F_COG
2024-08-22,SENTINEL-1A,55324,127,ascending,49.5,31.0,0.0,S1A_IW_GRDH_1SDV_20240822T093132_20240822T093201_055324_06BEF8_AB57_COG
2024-08-17,SENTINEL-1A,55251,54,ascending,55.2,0.0,0.0,S1A_IW_GRDH_1SDV_20240817T092513_20240817T092538_055251_06BC37_A91A_COG
2024-08-17,SENTINEL-1A,55251,54,ascending,55.2,0.0,0.0,S1A_IW_GRDH_1SDV_20240817T092513_20240817T092538_055251_06BC37_1BB7_COG
2024-08-17,SENTINEL-1A,55251,54,ascending,61.2,0.0,0.0,S1A_IW_GRDH_1SDV_20240817T092448_20240817T092513_055251_06BC37_966F_COG
2024-08-17,SENTINEL-1A,55251,54,ascending,61.2,0.0,0.0,S1A_IW_GRDH_1SDV_20240817T092448_20240817T092513_055251_06BC37_70F6_COG
2024-08-17,SENTINEL-1A,55251,54,ascending,45.7,27.3,0.0,S1A_IW_GRDH_1SDV_20240817T092423_20240817T092448_055251_06BC37_8A56_COG
2024-08-17,SENTINEL-1A,55251,54,ascending,45.7,27.3,0.0,S1A_IW_GRDH_1SDV_20240817T092423_20240817T092448_055251_06BC37_1F35_COG
2024-08-17,SENTINEL-1A,55251,54,ascending,69.4,60.3,0.0,S1A_IW_GRDH_1SDV_20240817T092358_20240817T092423_055251_06BC37_EDEC_COG
2024-08-17,SENTINEL-1A,55251,54,ascending,69.4,60.3,0.0,S1A_IW_GRDH_1SDV_20240817T092358_20240817T092423_055251_06BC37_56E6_COG
2024-08-17,SENTINEL-1A,55251,54,ascending,46.3,31.8,0.0,S1A_IW_GRDH_1SDV_20240817T092329_20240817T092358_055251_06BC37_DF29_COG
2024-08-17,SENTINEL-1A,55251,54,ascending,46.3,31.8,0.0,S1A_IW_GRDH_1SDV_20240817T092329_20240817T092358_055251_06BC37_6EC2_COG
2024-08-15,SENTINEL-1A,55222,25,ascending,8.4,0.0,0.0,S1A_IW_GRDH_1SDV_20240815T094123_20240815T094157_055222_06BB38_9CA7_COG
2024-08-15,SENTINEL-1A,55222,25,ascending,8.4,0.0,0.0,S1A_IW_GRDH_1SDV_20240815T094123_20240815T094157_055222_06BB38_639C_COG
2024-08-15,SENTINEL-1A,55222,25,ascending,20.4,0.0,0.0,S1A_IW_GRDH_1SDV_20240815T094054_20240815T094123_055222_06BB38_F675_COG
2024-08-15,SENTINEL-1A,55222,25,ascending,20.4,0.0,0.0,S1A_IW_GRDH_1SDV_20240815T094054_20240815T094123_055222_06BB38_408B_COG
2024-08-12,SENTINEL-1A,55178,156,ascending,29.5,0.0,0.0,S1A_IW_GRDH_1SDV_20240812T091712_20240812T091741_055178_06B98E_B7AC_COG
2024-08-12,SENTINEL-1A,55178,156,ascending,29.5,0.0,0.0,S1A_IW_GRDH_1SDV_20240812T091712_20240812T091741_055178_06B98E_32F5_COG
2024-08-10,SENTINEL-1A,55149,127,ascending,76.3,36.6,0.0,S1A_IW_GRDH_1SDV_20240810T093226_20240810T093252_055149_06B88C_6DA9_COG
2024-08-10,SENTINEL-1A,55149,127,ascending,76.3,36.6,0.0,S1A_IW_GRDH_1SDV_20240810T093226_20240810T093252_055149_06B88C_5357_COG
2024-08-10,SENTINEL-1A,55149,127,ascending,60.7,55.8,0.0,S1A_IW_GRDH_1SDV_20240810T093201_20240810T093226_055149_06B88C_B4EA_COG
2024-08-10,SENTINEL-1A,55149,127,ascending,60.7,55.8,0.0,S1A_IW_GRDH_1SDV_20240810T093201_20240810T093226_055149_06B88C_6110_COG
2024-08-10,SENTINEL-1A,55149,127,ascending,49.6,31.0,0.0,S1A_IW_GRDH_1SDV_20240810T093132_20240810T093201_055149_06B88C_F1A9_COG
2024-08-10,SENTINEL-1A,55149,127,ascending,49.6,31.0,0.0,S1A_IW_GRDH_1SDV_20240810T093132_20240810T093201_055149_06B88C_0596_COG
2024-08-05,SENTINEL-1A,55076,54,ascending,55.2,0.0,0.0,S1A_IW_GRDH_1SDV_20240805T092513_20240805T092538_055076_06B5D3_921D_COG
2024-08-05,SENTINEL-1A,55076,54,ascending,61.2,0.0,0.0,S1A_IW_GRDH_1SDV_20240805T092448_20240805T092513_055076_06B5D3_A19B_COG
2024-08-05,SENTINEL-1A,55076,54,ascending,45.6,27.3,0.0,S1A_IW_GRDH_1SDV_20240805T092423_20240805T092448_055076_06B5D3_1252_COG
2024-08-05,SENTINEL-1A,55076,54,ascending,69.3,60.3,0.0,S1A_IW_GRDH_1SDV_20240805T092358_20240805T092423_055076_06B5D3_5BC0_COG
2024-08-05,SENTINEL-1A,55076,54,ascending,46.3,31.8,0.0,S1A_IW_GRDH_1SDV_20240805T092329_20240805T092358_055076_06B5D3_BE53_COG
2024-08-03,SENTINEL-1A,55047,25,ascending,8.4,0.0,0.0,S1A_IW_GRDH_1SDV_20240803T094123_20240803T094157_055047_06B4DB_F983_COG
2024-08-03,SENTINEL-1A,55047,25,ascending,20.4,0.0,0.0,S1A_IW_GRDH_1SDV_20240803T094054_20240803T094123_055047_06B4DB_4B4E_COG
2025-07-31,SENTINEL-1A,60326,54,ascending,55.2,0.0,0.0,S1A_IW_GRDH_1SDV_20250731T092504_20250731T092529_060326_077F5F_2190_COG
2025-07-31,SENTINEL-1A,60326,54,ascending,61.2,0.0,0.0,S1A_IW_GRDH_1SDV_20250731T092439_20250731T092504_060326_077F5F_B855_COG
2025-07-31,SENTINEL-1A,60326,54,ascending,45.6,27.3,0.0,S1A_IW_GRDH_1SDV_20250731T092414_20250731T092439_060326_077F5F_0CC0_COG
2025-07-31,SENTINEL-1A,60326,54,ascending,69.3,60.3,0.0,S1A_IW_GRDH_1SDV_20250731T092349_20250731T092414_060326_077F5F_0043_COG
2025-07-31,SENTINEL-1A,60326,54,ascending,46.3,31.8,0.0,S1A_IW_GRDH_1SDV_20250731T092320_20250731T092349_060326_077F5F_9CDF_COG
2025-07-29,SENTINEL-1A,60297,25,ascending,20.8,0.0,0.0,S1A_IW_GRDH_1SDV_20250729T094045_20250729T094115_060297_077E5D_AAB6_COG
2025-07-26,SENTINEL-1A,60253,156,ascending,28.8,0.0,0.0,S1A_IW_GRDH_1SDV_20250726T091703_20250726T091733_060253_077CE5_D7EE_COG
2025-07-25,SENTINEL-1C,3375,54,ascending,40.0,13.6,0.0,S1C_IW_GRDH_1SDV_20250725T092319_20250725T092335_003375_006CA3_9ADF_COG
2025-07-25,SENTINEL-1C,3375,54,ascending,63.4,55.7,0.0,S1C_IW_GRDH_1SDV_20250725T092254_20250725T092319_003375_006CA3_4336_COG
2025-07-25,SENTINEL-1C,3375,54,ascending,68.5,59.0,0.0,S1C_IW_GRDH_1SDV_20250725T092229_20250725T092254_003375_006CA3_92BD_COG
2025-07-25,SENTINEL-1C,3375,54,ascending,12.4,1.8,0.0,S1C_IW_GRDH_1SDV_20250725T092204_20250725T092229_003375_006CA3_15C2_COG
2025-07-24,SENTINEL-1A,60224,127,ascending,80.8,0.0,0.0,S1A_IW_GRDH_1SDV_20250724T093243_20250724T093254_060224_077BED_6CFA_COG
2025-07-24,SENTINEL-1A,60224,127,ascending,76.0,37.3,0.0,S1A_IW_GRDH_1SDV_20250724T093218_20250724T093243_060224_077BED_BF20_COG
2025-07-24,SENTINEL-1A,60224,127,ascending,60.7,55.8,0.0,S1A_IW_GRDH_1SDV_20250724T093153_20250724T093218_060224_077BED_9C47_COG
2025-07-24,SENTINEL-1A,60224,127,ascending,49.6,31.1,0.0,S1A_IW_GRDH_1SDV_20250724T093123_20250724T093153_060224_077BED_38CF_COG
2025-07-19,SENTINEL-1A,60151,54,ascending,47.3,32.9,0.0,S1A_IW_GRDH_1SDV_20250719T092320_20250719T092350_060151_07795E_5CD5_COG
2025-07-18,SENTINEL-1C,3280,134,descending,46.5,29.9,0.0,S1C_IW_GRDH_1SDV_20250718T213202_20250718T213236_003280_0069E2_3A40_COG
2025-07-18,SENTINEL-1C,3280,134,descending,90.1,84.4,0.0,S1C_IW_GRDH_1SDV_20250718T213133_20250718T213202_003280_0069E2_18BF_COG
2025-07-17,SENTINEL-1A,60122,25,ascending,20.8,0.0,0.0,S1A_IW_GRDH_1SDV_20250717T094045_20250717T094115_060122_07785C_FF05_COG
2025-07-14,SENTINEL-1A,60078,156,ascending,28.8,0.0,0.0,S1A_IW_GRDH_1SDV_20250714T091704_20250714T091733_060078_0776E0_6512_COG
2025-07-13,SENTINEL-1C,3200,54,ascending,0.0,0.0,0.0,S1C_IW_GRDH_1SDV_20250713T092203_20250713T092217_003200_00678C_C7FA_COG
2025-07-12,SENTINEL-1A,60049,127,ascending,50.0,31.9,0.0,S1A_IW_GRDH_1SDV_20250712T093124_20250712T093154_060049_0775E2_CD87_COG
2025-07-07,SENTINEL-1A,59976,54,ascending,72.3,63.1,0.0,S1A_IW_GRDH_1SDV_20250707T092350_20250707T092402_059976_077359_4653_COG
2025-07-07,SENTINEL-1A,59976,54,ascending,46.6,32.0,0.0,S1A_IW_GRDH_1SDV_20250707T092321_20250707T092350_059976_077359_E45B_COG
2025-07-05,SENTINEL-1A,59947,25,ascending,20.8,0.0,0.0,S1A_IW_GRDH_1SDV_20250705T094046_20250705T094116_059947_077256_C942_COG
2025-07-02,SENTINEL-1A,59903,156,ascending,29.5,0.0,0.0,S1A_IW_GRDH_1SDV_20250702T091704_20250702T091733_059903_0770DD_9F06_COG
2025-07-01,SENTINEL-1C,3025,54,ascending,0.0,0.0,0.0,S1C_IW_GRDH_1SDV_20250701T092202_20250701T092216_003025_006280_F336_COG
2025-08-31,SENTINEL-1A,60778,156,ascending,29.5,0.0,0.0,S1A_IW_GRDH_1SDV_20250831T091703_20250831T091732_060778_0790C3_C857_COG
2025-08-29,SENTINEL-1A,60749,127,ascending,76.3,36.5,0.0,S1A_IW_GRDH_1SDV_20250829T093217_20250829T093243_060749_078FA5_4A51_COG
2025-08-29,SENTINEL-1A,60749,127,ascending,60.6,55.7,0.0,S1A_IW_GRDH_1SDV_20250829T093152_20250829T093217_060749_078FA5_2F13_COG
2025-08-29,SENTINEL-1A,60749,127,ascending,49.5,31.0,0.0,S1A_IW_GRDH_1SDV_20250829T093123_20250829T093152_060749_078FA5_2AEC_COG
2025-08-24,SENTINEL-1A,60676,54,ascending,71.4,0.0,0.0,S1A_IW_GRDH_1SDV_20250824T092439_20250824T092513_060676_078CBB_6956_COG
2025-08-24,SENTINEL-1A,60676,54,ascending,45.8,27.4,0.0,S1A_IW_GRDH_1SDV_20250824T092414_20250824T092439_060676_078CBB_98BB_COG
2025-08-24,SENTINEL-1A,60676,54,ascending,69.6,60.5,0.0,S1A_IW_GRDH_1SDV_20250824T092349_20250824T092414_060676_078CBB_96A6_COG
2025-08-24,SENTINEL-1A,60676,54,ascending,46.4,31.9,0.0,S1A_IW_GRDH_1SDV_20250824T092320_20250824T092349_060676_078CBB_0225_COG
2025-08-23,SENTINEL-1C,3805,134,descending,5.3,0.0,5.2,S1C_IW_GRDH_1SDV_20250823T213234_20250823T213254_003805_00797B_669C_COG
2025-08-23,SENTINEL-1C,3805,134,descending,45.6,23.4,0.0,S1C_IW_GRDH_1SDV_20250823T213209_20250823T213234_003805_00797B_3891_COG
2025-08-23,SENTINEL-1C,3805,134,descending,84.8,80.1,0.0,S1C_IW_GRDH_1SDV_20250823T213144_20250823T213209_003805_00797B_09F6_COG
2025-08-23,SENTINEL-1C,3805,134,descending,85.0,70.7,0.0,S1C_IW_GRDH_1SDV_20250823T213119_20250823T213144_003805_00797B_E8FF_COG
2025-08-23,SENTINEL-1C,3805,134,descending,37.5,2.3,0.0,S1C_IW_GRDH_1SDV_20250823T213054_20250823T213119_003805_00797B_0BE1_COG
2025-08-23,SENTINEL-1C,3805,134,descending,68.5,0.0,0.0,S1C_IW_GRDH_1SDV_20250823T213029_20250823T213054_003805_00797B_A5C9_COG
2025-08-23,SENTINEL-1C,3805,134,descending,33.5,0.0,0.0,S1C_IW_GRDH_1SDV_20250823T213004_20250823T213029_003805_00797B_E814_COG
2025-08-23,SENTINEL-1C,3805,134,descending,0.4,0.0,0.0,S1C_IW_GRDH_1SDV_20250823T212939_20250823T213004_003805_00797B_0D17_COG
2025-08-22,SENTINEL-1A,60647,25,ascending,8.4,0.0,0.0,S1A_IW_GRDH_1SDV_20250822T094114_20250822T094148_060647_078BA1_69C4_COG
2025-08-22,SENTINEL-1A,60647,25,ascending,20.4,0.0,0.0,S1A_IW_GRDH_1SDV_20250822T094045_20250822T094114_060647_078BA1_71A0_COG
2025-08-21,SENTINEL-1C,3776,105,descending,5.5,0.0,0.0,S1C_IW_GRDH_1SDV_20250821T214743_20250821T214808_003776_00789B_7820_COG
2025-08-21,SENTINEL-1C,3776,105,descending,19.8,0.0,0.0,S1C_IW_GRDH_1SDV_20250821T214718_20250821T214743_003776_00789B_669C_COG
2025-08-21,SENTINEL-1C,3776,105,descending,13.8,0.0,0.0,S1C_IW_GRDH_1SDV_20250821T214653_20250821T214718_003776_00789B_646A_COG
2025-08-19,SENTINEL-1A,60603,156,ascending,29.5,0.0,0.0,S1A_IW_GRDH_1SDV_20250819T091703_20250819T091732_060603_0789E0_4645_COG
2025-08-17,SENTINEL-1A,60574,127,ascending,76.3,36.5,0.0,S1A_IW_GRDH_1SDV_20250817T093217_20250817T093243_060574_0788C1_8F3F_COG
2025-08-17,SENTINEL-1A,60574,127,ascending,60.6,55.7,0.0,S1A_IW_GRDH_1SDV_20250817T093152_20250817T093217_060574_0788C1_7D4B_COG
2025-08-17,SENTINEL-1A,60574,127,ascending,49.6,31.0,0.0,S1A_IW_GRDH_1SDV_20250817T093123_20250817T093152_060574_0788C1_CFF4_COG
2025-08-12,SENTINEL-1A,60508,61,descending,2.5,0.0,0.0,S1A_IW_GRDH_1SDV_20250812T212512_20250812T212524_060508_078629_5D2C_COG
2025-08-12,SENTINEL-1A,60508,61,descending,42.7,29.2,0.0,S1A_IW_GRDH_1SDV_20250812T212443_20250812T212512_060508_078629_DDC1_COG
2025-08-12,SENTINEL-1A,60501,54,ascending,55.2,0.0,0.0,S1A_IW_GRDH_1SDV_20250812T092504_20250812T092529_060501_0785D8_C236_COG
2025-08-12,SENTINEL-1A,60501,54,ascending,61.2,0.0,0.0,S1A_IW_GRDH_1SDV_20250812T092439_20250812T092504_060501_0785D8_D77C_COG
2025-08-12,SENTINEL-1A,60501,54,ascending,45.6,27.3,0.0,S1A_IW_GRDH_1SDV_20250812T092414_20250812T092439_060501_0785D8_9A11_COG
2025-08-12,SENTINEL-1A,60501,54,ascending,69.3,60.3,0.0,S1A_IW_GRDH_1SDV_20250812T092349_20250812T092414_060501_0785D8_C40B_COG
2025-08-12,SENTINEL-1A,60501,54,ascending,46.3,31.8,0.0,S1A_IW_GRDH_1SDV_20250812T092320_20250812T092349_060501_0785D8_FD96_COG
2025-08-11,SENTINEL-1C,3630,134,descending,27.1,8.6,0.0,S1C_IW_GRDH_1SDV_20250811T213215_20250811T213240_003630_00743C_85B9_COG
2025-08-11,SENTINEL-1C,3630,134,descending,83.8,76.8,0.0,S1C_IW_GRDH_1SDV_20250811T213150_20250811T213215_003630_00743C_0E5A_COG
2025-08-11,SENTINEL-1C,3630,134,descending,87.6,76.9,0.0,S1C_IW_GRDH_1SDV_20250811T213120_20250811T213150_003630_00743C_839C_COG
2025-08-11,SENTINEL-1C,3623,127,ascending,95.6,22.3,0.0,S1C_IW_GRDH_1SDV_20250811T093126_20250811T093139_003623_007405_037F_COG
2025-08-11,SENTINEL-1C,3623,127,ascending,57.7,51.2,0.0,S1C_IW_GRDH_1SDV_20250811T093101_20250811T093126_003623_007405_9F4F_COG
2025-08-11,SENTINEL-1C,3623,127,ascending,67.6,63.0,0.0,S1C_IW_GRDH_1SDV_20250811T093036_20250811T093101_003623_007405_9FBB_COG
2025-08-11,SENTINEL-1C,3623,127,ascending,22.7,2.4,3.3,S1C_IW_GRDH_1SDV_20250811T093011_20250811T093036_003623_007405_2B35_COG
2025-08-11,SENTINEL-1C,3623,127,ascending,1.0,0.0,1.0,S1C_IW_GRDH_1SDV_20250811T092946_20250811T093011_003623_007405_CDCC_COG
2025-08-10,SENTINEL-1A,60472,25,ascending,8.4,0.0,0.0,S1A_IW_GRDH_1SDV_20250810T094114_20250810T094148_060472_0784BD_D0BD_COG
2025-08-10,SENTINEL-1A,60472,25,ascending,20.4,0.0,0.0,S1A_IW_GRDH_1SDV_20250810T094045_20250810T094114_060472_0784BD_65BD_COG
2025-08-07,SENTINEL-1A,60428,156,ascending,29.5,0.0,0.0,S1A_IW_GRDH_1SDV_20250807T091703_20250807T091732_060428_0782FA_FAA4_COG
2025-08-06,SENTINEL-1C,3557,61,descending,13.8,8.1,0.0,S1C_IW_GRDH_1SDV_20250806T212305_20250806T212327_003557_007201_FEEA_COG
2025-08-06,SENTINEL-1C,3557,61,descending,13.7,0.0,0.0,S1C_IW_GRDH_1SDV_20250806T212215_20250806T212240_003557_007201_C7F8_COG
2025-08-06,SENTINEL-1C,3557,61,descending,20.2,0.0,0.0,S1C_IW_GRDH_1SDV_20250806T212150_20250806T212215_003557_007201_4B66_COG
2025-08-06,SENTINEL-1C,3550,54,ascending,61.6,54.0,0.0,S1C_IW_GRDH_1SDV_20250806T092256_20250806T092321_003550_0071C5_3EEB_COG
2025-08-06,SENTINEL-1C,3550,54,ascending,69.6,60.1,0.0,S1C_IW_GRDH_1SDV_20250806T092231_20250806T092256_003550_0071C5_E160_COG
2025-08-06,SENTINEL-1C,3550,54,ascending,15.0,5.0,0.0,S1C_IW_GRDH_1SDV_20250806T092202_20250806T092231_003550_0071C5_D0A4_COG
2025-08-05,SENTINEL-1A,60406,134,descending,20.1,4.6,0.4,S1A_IW_GRDH_1SDV_20250805T213321_20250805T213346_060406_078227_B5B4_COG
2025-08-05,SENTINEL-1A,60406,134,descending,81.0,72.5,0.0,S1A_IW_GRDH_1SDV_20250805T213256_20250805T213321_060406_078227_EA9E_COG
2025-08-05,SENTINEL-1A,60406,134,descending,90.3,80.9,0.0,S1A_IW_GRDH_1SDV_20250805T213227_20250805T213256_060406_078227_9072_COG
2025-08-05,SENTINEL-1A,60399,127,ascending,76.3,36.6,0.0,S1A_IW_GRDH_1SDV_20250805T093217_20250805T093243_060399_0781EE_4579_COG
2025-08-05,SENTINEL-1A,60399,127,ascending,60.7,55.8,0.0,S1A_IW_GRDH_1SDV_20250805T093152_20250805T093217_060399_0781EE_EFFE_COG
2025-08-05,SENTINEL-1A,60399,127,ascending,49.6,31.0,0.0,S1A_IW_GRDH_1SDV_20250805T093123_20250805T093152_060399_0781EE_3031_COG
2026-07-31,SENTINEL-1D,3916,25,ascending,8.2,0.0,0.0,S1D_IW_GRDH_1SDV_20260731T094025_20260731T094059_003916_00714D_CE22_COG
2026-07-31,SENTINEL-1D,3916,25,ascending,20.6,0.0,0.0,S1D_IW_GRDH_1SDV_20260731T093956_20260731T094025_003916_00714D_F0AE_COG
2026-07-28,SENTINEL-1D,3872,156,ascending,44.3,0.0,0.0,S1D_IW_GRDH_1SDV_20260728T091614_20260728T091633_003872_006FCC_639F_COG
2026-07-27,SENTINEL-1C,8734,61,descending,24.0,11.2,0.0,S1C_IW_GRDH_1SDV_20260727T212357_20260727T212418_008734_0114F4_B45C_COG
2026-07-27,SENTINEL-1C,8734,61,descending,47.4,38.2,0.0,S1C_IW_GRDH_1SDV_20260727T212332_20260727T212357_008734_0114F4_9B8B_COG
2026-07-27,SENTINEL-1C,8734,61,descending,16.8,10.3,0.0,S1C_IW_GRDH_1SDV_20260727T212307_20260727T212332_008734_0114F4_08EE_COG
2026-07-27,SENTINEL-1C,8734,61,descending,13.7,0.0,0.0,S1C_IW_GRDH_1SDV_20260727T212217_20260727T212242_008734_0114F4_32ED_COG
2026-07-27,SENTINEL-1C,8734,61,descending,20.1,0.0,0.0,S1C_IW_GRDH_1SDV_20260727T212152_20260727T212217_008734_0114F4_DF80_COG
2026-07-27,SENTINEL-1C,8727,54,ascending,0.0,0.0,0.0,S1C_IW_GRDH_1SDV_20260727T092206_20260727T092220_008727_0114B3_24BF_COG
2026-07-26,SENTINEL-1D,3843,127,ascending,52.7,39.6,0.0,S1D_IW_GRDH_1SDV_20260726T093034_20260726T093115_003843_006EC8_772C_COG
2026-07-25,SENTINEL-1C,8705,32,descending,9.0,6.3,0.0,S1C_IW_GRDH_1SDV_20260725T214005_20260725T214029_008705_011405_D74B_COG
2026-07-25,SENTINEL-1C,8705,32,descending,31.5,17.9,0.0,S1C_IW_GRDH_1SDV_20260725T213940_20260725T214005_008705_011405_BE24_COG
2026-07-25,SENTINEL-1C,8705,32,descending,77.6,6.7,0.0,S1C_IW_GRDH_1SDV_20260725T213915_20260725T213940_008705_011405_59A8_COG
2026-07-25,SENTINEL-1C,8705,32,descending,83.6,0.0,0.0,S1C_IW_GRDH_1SDV_20260725T213850_20260725T213915_008705_011405_4303_COG
2026-07-25,SENTINEL-1C,8705,32,descending,19.0,0.0,0.0,S1C_IW_GRDH_1SDV_20260725T213825_20260725T213850_008705_011405_3804_COG
2026-07-20,SENTINEL-1C,8632,134,descending,5.3,0.0,5.2,S1C_IW_GRDH_1SDV_20260720T213234_20260720T213254_008632_01119F_93DD_COG
2026-07-20,SENTINEL-1C,8632,134,descending,45.6,23.4,0.0,S1C_IW_GRDH_1SDV_20260720T213209_20260720T213234_008632_01119F_74BD_COG
2026-07-20,SENTINEL-1C,8632,134,descending,84.9,80.2,0.0,S1C_IW_GRDH_1SDV_20260720T213144_20260720T213209_008632_01119F_F314_COG
2026-07-20,SENTINEL-1C,8632,134,descending,85.0,70.7,0.0,S1C_IW_GRDH_1SDV_20260720T213119_20260720T213144_008632_01119F_DD29_COG
2026-07-20,SENTINEL-1C,8632,134,descending,37.4,2.3,0.0,S1C_IW_GRDH_1SDV_20260720T213054_20260720T213119_008632_01119F_392D_COG
2026-07-20,SENTINEL-1C,8632,134,descending,68.5,0.0,0.0,S1C_IW_GRDH_1SDV_20260720T213029_20260720T213054_008632_01119F_0CEF_COG
2026-07-20,SENTINEL-1C,8632,134,descending,33.5,0.0,0.0,S1C_IW_GRDH_1SDV_20260720T213004_20260720T213029_008632_01119F_CE47_COG
2026-07-20,SENTINEL-1C,8632,134,descending,0.4,0.0,0.0,S1C_IW_GRDH_1SDV_20260720T212939_20260720T213004_008632_01119F_7805_COG
2026-07-19,SENTINEL-1D,3741,25,ascending,8.2,0.0,0.0,S1D_IW_GRDH_1SDV_20260719T094025_20260719T094058_003741_006B4D_3194_COG
2026-07-19,SENTINEL-1D,3741,25,ascending,20.5,0.0,0.0,S1D_IW_GRDH_1SDV_20260719T093955_20260719T094025_003741_006B4D_0B91_COG
2026-07-18,SENTINEL-1C,8603,105,descending,5.5,0.0,0.0,S1C_IW_GRDH_1SDV_20260718T214744_20260718T214809_008603_01109D_6EBE_COG
2026-07-18,SENTINEL-1C,8603,105,descending,19.9,0.0,0.0,S1C_IW_GRDH_1SDV_20260718T214719_20260718T214744_008603_01109D_C9CC_COG
2026-07-18,SENTINEL-1C,8603,105,descending,13.9,0.0,0.0,S1C_IW_GRDH_1SDV_20260718T214654_20260718T214719_008603_01109D_2B06_COG
2026-07-16,SENTINEL-1D,3697,156,ascending,44.3,0.0,0.0,S1D_IW_GRDH_1SDV_20260716T091613_20260716T091632_003697_0069CF_9FFF_COG
2026-07-15,SENTINEL-1C,8552,54,ascending,58.3,45.3,0.0,S1C_IW_GRDH_1SDV_20260715T092255_20260715T092331_008552_010EE2_C278_COG
2026-07-15,SENTINEL-1C,8552,54,ascending,68.6,59.0,0.0,S1C_IW_GRDH_1SDV_20260715T092230_20260715T092255_008552_010EE2_AC28_COG
2026-07-15,SENTINEL-1C,8552,54,ascending,12.4,1.8,0.0,S1C_IW_GRDH_1SDV_20260715T092205_20260715T092230_008552_010EE2_2DA8_COG
2026-07-14,SENTINEL-1D,3675,134,descending,81.3,69.6,0.0,S1D_IW_GRDH_1SDV_20260714T213201_20260714T213234_003675_006910_B126_COG
2026-07-14,SENTINEL-1D,3675,134,descending,84.8,71.5,0.0,S1D_IW_GRDH_1SDV_20260714T213131_20260714T213201_003675_006910_8EF1_COG
2026-07-14,SENTINEL-1D,3668,127,ascending,59.0,54.7,0.0,S1D_IW_GRDH_1SDV_20260714T093103_20260714T093131_003668_0068CE_FE43_COG
2026-07-14,SENTINEL-1D,3668,127,ascending,49.7,31.3,0.0,S1D_IW_GRDH_1SDV_20260714T093033_20260714T093103_003668_0068CE_376D_COG
2026-07-13,SENTINEL-1C,8530,32,descending,8.9,6.3,0.0,S1C_IW_GRDH_1SDV_20260713T214005_20260713T214028_008530_010E39_1A5A_COG
2026-07-13,SENTINEL-1C,8530,32,descending,31.4,17.9,0.0,S1C_IW_GRDH_1SDV_20260713T213940_20260713T214005_008530_010E39_3C22_COG
2026-07-13,SENTINEL-1C,8530,32,descending,77.5,6.7,0.0,S1C_IW_GRDH_1SDV_20260713T213915_20260713T213940_008530_010E39_93FC_COG
2026-07-13,SENTINEL-1C,8530,32,descending,83.6,0.0,0.0,S1C_IW_GRDH_1SDV_20260713T213850_20260713T213915_008530_010E39_AEB7_COG
2026-07-13,SENTINEL-1C,8530,32,descending,19.0,0.0,0.0,S1C_IW_GRDH_1SDV_20260713T213825_20260713T213850_008530_010E39_4265_COG
2026-07-07,SENTINEL-1D,3566,25,ascending,8.2,0.0,0.0,S1D_IW_GRDH_1SDV_20260707T094024_20260707T094057_003566_006556_525F_COG
2026-07-07,SENTINEL-1D,3566,25,ascending,20.5,0.0,0.0,S1D_IW_GRDH_1SDV_20260707T093954_20260707T094024_003566_006556_5D47_COG
2026-07-06,SENTINEL-1C,8428,105,descending,5.5,0.0,0.0,S1C_IW_GRDH_1SDV_20260706T214743_20260706T214808_008428_010ACE_F040_COG
2026-07-06,SENTINEL-1C,8428,105,descending,19.9,0.0,0.0,S1C_IW_GRDH_1SDV_20260706T214718_20260706T214743_008428_010ACE_74FD_COG
2026-07-06,SENTINEL-1C,8428,105,descending,13.8,0.0,0.0,S1C_IW_GRDH_1SDV_20260706T214653_20260706T214718_008428_010ACE_427D_COG
2026-07-04,SENTINEL-1D,3522,156,ascending,29.3,0.0,0.0,S1D_IW_GRDH_1SDV_20260704T091612_20260704T091642_003522_0063DF_1571_COG
2026-07-03,SENTINEL-1C,8384,61,descending,24.1,11.2,0.0,S1C_IW_GRDH_1SDV_20260703T212355_20260703T212417_008384_010976_6942_COG
2026-07-03,SENTINEL-1C,8384,61,descending,47.4,38.2,0.0,S1C_IW_GRDH_1SDV_20260703T212330_20260703T212355_008384_010976_BB45_COG
2026-07-03,SENTINEL-1C,8384,61,descending,16.8,10.3,0.0,S1C_IW_GRDH_1SDV_20260703T212305_20260703T212330_008384_010976_9A73_COG
2026-07-03,SENTINEL-1C,8384,61,descending,13.8,0.0,0.0,S1C_IW_GRDH_1SDV_20260703T212215_20260703T212240_008384_010976_64DE_COG
2026-07-03,SENTINEL-1C,8384,61,descending,20.1,0.0,0.0,S1C_IW_GRDH_1SDV_20260703T212150_20260703T212215_008384_010976_32AE_COG
2026-07-03,SENTINEL-1C,8377,54,ascending,0.0,0.0,0.0,S1C_IW_GRDH_1SDV_20260703T092204_20260703T092218_008377_010935_754B_COG
2026-07-02,SENTINEL-1D,3493,127,ascending,59.0,54.7,0.0,S1D_IW_GRDH_1SDV_20260702T093102_20260702T093130_003493_0062D7_5469_COG
2026-07-02,SENTINEL-1D,3493,127,ascending,49.7,31.3,0.0,S1D_IW_GRDH_1SDV_20260702T093033_20260702T093102_003493_0062D7_EF53_COG
2026-07-01,SENTINEL-1C,8355,32,descending,8.9,6.3,0.0,S1C_IW_GRDH_1SDV_20260701T214004_20260701T214028_008355_01088E_8E98_COG
2026-07-01,SENTINEL-1C,8355,32,descending,31.4,17.9,0.0,S1C_IW_GRDH_1SDV_20260701T213939_20260701T214004_008355_01088E_EC8B_COG
2026-07-01,SENTINEL-1C,8355,32,descending,77.5,6.7,0.0,S1C_IW_GRDH_1SDV_20260701T213914_20260701T213939_008355_01088E_0FEB_COG
2026-07-01,SENTINEL-1C,8355,32,descending,83.6,0.0,0.0,S1C_IW_GRDH_1SDV_20260701T213849_20260701T213914_008355_01088E_54D9_COG
2026-07-01,SENTINEL-1C,8355,32,descending,19.0,0.0,0.0,S1C_IW_GRDH_1SDV_20260701T213824_20260701T213849_008355_01088E_5C8D_COG
2026-08-12,SENTINEL-1D,4091,25,ascending,8.2,0.0,0.0,S1D_IW_GRDH_1SDV_20260812T094026_20260812T094059_004091_00775F_7AE5_COG
2026-08-12,SENTINEL-1D,4091,25,ascending,20.6,0.0,0.0,S1D_IW_GRDH_1SDV_20260812T093957_20260812T094026_004091_00775F_8E47_COG
2026-08-11,SENTINEL-1C,8953,105,descending,5.5,0.0,0.0,S1C_IW_GRDH_1SDV_20260811T214745_20260811T214810_008953_011C34_CC6D_COG
2026-08-11,SENTINEL-1C,8953,105,descending,19.9,0.0,0.0,S1C_IW_GRDH_1SDV_20260811T214720_20260811T214745_008953_011C34_F0C3_COG
2026-08-11,SENTINEL-1C,8953,105,descending,13.9,0.0,0.0,S1C_IW_GRDH_1SDV_20260811T214655_20260811T214720_008953_011C34_B808_COG
2026-08-09,SENTINEL-1D,4047,156,ascending,29.3,0.0,0.0,S1D_IW_GRDH_1SDV_20260809T091614_20260809T091644_004047_0075E2_226A_COG
2026-08-08,SENTINEL-1C,8909,61,descending,24.0,11.1,0.0,S1C_IW_GRDH_1SDV_20260808T212357_20260808T212419_008909_011AC7_2230_COG
2026-08-08,SENTINEL-1C,8909,61,descending,47.3,38.1,0.0,S1C_IW_GRDH_1SDV_20260808T212332_20260808T212357_008909_011AC7_3BAE_COG
2026-08-08,SENTINEL-1C,8909,61,descending,16.7,10.3,0.0,S1C_IW_GRDH_1SDV_20260808T212307_20260808T212332_008909_011AC7_0D06_COG
2026-08-08,SENTINEL-1C,8909,61,descending,13.7,0.0,0.0,S1C_IW_GRDH_1SDV_20260808T212217_20260808T212242_008909_011AC7_9A5C_COG
2026-08-08,SENTINEL-1C,8909,61,descending,20.1,0.0,0.0,S1C_IW_GRDH_1SDV_20260808T212152_20260808T212217_008909_011AC7_65AB_COG
2026-08-08,SENTINEL-1C,8902,54,ascending,0.0,0.0,0.0,S1C_IW_GRDH_1SDV_20260808T092206_20260808T092220_008902_011A86_B5F3_COG
2026-08-07,SENTINEL-1D,4018,127,ascending,76.5,36.4,0.0,S1D_IW_GRDH_1SDV_20260807T093129_20260807T093154_004018_0074E6_BDA2_COG
2026-08-07,SENTINEL-1D,4018,127,ascending,60.5,55.6,0.0,S1D_IW_GRDH_1SDV_20260807T093104_20260807T093129_004018_0074E6_FC19_COG
2026-08-07,SENTINEL-1D,4018,127,ascending,49.7,31.3,0.0,S1D_IW_GRDH_1SDV_20260807T093034_20260807T093104_004018_0074E6_EF16_COG
2026-08-06,SENTINEL-1C,8880,32,descending,9.0,6.3,0.0,S1C_IW_GRDH_1SDV_20260806T214006_20260806T214029_008880_0119DE_C05B_COG
2026-08-06,SENTINEL-1C,8880,32,descending,31.5,17.9,0.0,S1C_IW_GRDH_1SDV_20260806T213941_20260806T214006_008880_0119DE_D2A0_COG
2026-08-06,SENTINEL-1C,8880,32,descending,77.6,6.7,0.0,S1C_IW_GRDH_1SDV_20260806T213916_20260806T213941_008880_0119DE_0868_COG
2026-08-06,SENTINEL-1C,8880,32,descending,83.6,0.0,0.0,S1C_IW_GRDH_1SDV_20260806T213851_20260806T213916_008880_0119DE_A949_COG
2026-08-06,SENTINEL-1C,8880,32,descending,19.0,0.0,0.0,S1C_IW_GRDH_1SDV_20260806T213826_20260806T213851_008880_0119DE_7F11_COG
2026-08-02,SENTINEL-1D,3945,54,ascending,54.2,0.0,0.0,S1D_IW_GRDH_1SDV_20260802T092415_20260802T092440_003945_00725D_A54D_COG
2026-08-02,SENTINEL-1D,3945,54,ascending,62.1,0.0,0.0,S1D_IW_GRDH_1SDV_20260802T092350_20260802T092415_003945_00725D_524F_COG
2026-08-02,SENTINEL-1D,3945,54,ascending,45.3,26.7,0.0,S1D_IW_GRDH_1SDV_20260802T092325_20260802T092350_003945_00725D_17B9_COG
2026-08-02,SENTINEL-1D,3945,54,ascending,69.3,60.2,0.0,S1D_IW_GRDH_1SDV_20260802T092300_20260802T092325_003945_00725D_B10F_COG
2026-08-02,SENTINEL-1D,3945,54,ascending,46.5,32.1,0.0,S1D_IW_GRDH_1SDV_20260802T092231_20260802T092300_003945_00725D_3B05_COG
