date,time_utc,satellite,scene_id,orbit,evidence,log
20250705,094046,S1A,C942,POEORB,확정,_vh25.log
20250707,092321,S1A,EDCA,POEORB,추정,_vh2025.log
20250707,092350,S1A,5AE2,POEORB,추정,_vh2025.log
20250712,093124,S1A,5D79,POEORB,추정,_vh2025.log
20250717,094045,S1A,FF05,POEORB,확정,_vh25.log
20250718,213133,S1C,6D9F,RESORB,로그없음,-
20250718,213202,S1C,38C3,RESORB,로그없음,-
20250719,092320,S1A,0ABD,POEORB,추정,_vh2025.log
20250724,093123,S1A,CC17,POEORB,추정,_vh2025.log
20250724,093153,S1A,A1F0,POEORB,추정,_vh2025.log
20250724,093218,S1A,9711,POEORB,추정,_vh2025.log
20250724,093243,S1A,6CFA,RESORB,로그없음,-
20250725,092204,S1C,47FE,RESORB,로그없음,-
20250725,092229,S1C,6951,RESORB,로그없음,-
20250725,092254,S1C,F86B,RESORB,로그없음,-
20250725,092319,S1C,6EDB,RESORB,로그없음,-
20250729,094045,S1A,AAB6,POEORB,확정,_vh25.log
20250731,092320,S1A,625F,POEORB,추정,_vh2025.log
20250731,092349,S1A,4458,POEORB,추정,_vh2025.log
20250731,092414,S1A,6B3C,?,진행중,_vh_new25.log
20250806,092202,S1C,D0A4,POEORB,추정,_vh_re25.log
20250806,092231,S1C,E160,POEORB,추정,_vh_re25.log
20250806,092256,S1C,3EEB,POEORB,추정,_vh_re25.log
20250811,092946,S1C,CDCC,RESORB,로그없음,-
20250811,093011,S1C,2B35,POEORB,추정,_vh_a127_25.log
20250811,093036,S1C,9FBB,POEORB,추정,_vh_a127_25.log
20250811,093101,S1C,9F4F,POEORB,추정,_vh_geum_9F4F.log
20250811,093126,S1C,037F,RESORB,로그없음,-
20250812,092349,S1A,C40B,POEORB,확정,_vh_han_C40B.log
20250812,092414,S1A,9A11,POEORB,확정,_vh_han_9A11.log
20260701,213824,S1C,5C8D,RESORB,로그없음,-
20260701,213849,S1C,54D9,RESORB,로그없음,-
20260701,213914,S1C,0FEB,RESORB,로그없음,-
20260701,213939,S1C,EC8B,RESORB,로그없음,-
20260701,214004,S1C,8E98,RESORB,로그없음,-
20260702,093033,S1D,EF53,POEORB,추정,_vh2026.log
20260702,093102,S1D,5469,POEORB,추정,_vh2026.log
20260703,212150,S1C,32AE,RESORB,로그없음,-
20260703,212215,S1C,64DE,RESORB,로그없음,-
20260703,212305,S1C,9A73,RESORB,로그없음,-
20260703,212355,S1C,6942,POEORB,추정,_vh_6942.log
20260704,091612,S1D,1571,RESORB,로그없음,-
20260706,214653,S1C,427D,RESORB,로그없음,-
20260706,214718,S1C,74FD,RESORB,로그없음,-
20260706,214743,S1C,F040,RESORB,로그없음,-
20260707,093954,S1D,5D47,RESORB,로그없음,-
20260707,094024,S1D,525F,RESORB,로그없음,-
20260713,213825,S1C,4265,RESORB,로그없음,-
20260713,213850,S1C,AEB7,RESORB,로그없음,-
20260713,213915,S1C,93FC,RESORB,로그없음,-
20260713,213940,S1C,3C22,RESORB,로그없음,-
20260713,214005,S1C,1A5A,RESORB,로그없음,-
20260714,093033,S1D,376D,RESORB,확정,_vh2026.log
20260714,093103,S1D,FE43,RESORB,확정,_vh2026.log
20260714,213131,S1D,8EF1,RESORB,확정,_vh2026.log
20260714,213201,S1D,B126,RESORB,확정,_vh2026.log
20260715,092205,S1C,2DA8,RESORB,로그없음,-
20260715,092230,S1C,AC28,RESORB,로그없음,-
20260715,092255,S1C,C278,RESORB,로그없음,-
20260716,091613,S1D,9FFF,RESORB,로그없음,-
20260718,214654,S1C,2B06,RESORB,로그없음,-
20260718,214719,S1C,C9CC,RESORB,로그없음,-
20260719,093955,S1D,0B91,RESORB,로그없음,-
20260719,094025,S1D,3194,RESORB,로그없음,-
20260720,213004,S1C,CE47,RESORB,로그없음,-
20260720,213029,S1C,0CEF,RESORB,로그없음,-
20260720,213054,S1C,392D,RESORB,로그없음,-
20260720,213119,S1C,DD29,RESORB,로그없음,-
20260720,213144,S1C,F314,RESORB,로그없음,-
20260720,213209,S1C,74BD,RESORB,로그없음,-
20260720,213234,S1C,93DD,RESORB,로그없음,-
20260725,213825,S1C,3804,RESORB,로그없음,-
20260725,213850,S1C,4303,RESORB,로그없음,-
20260725,213915,S1C,59A8,RESORB,로그없음,-
20260725,213940,S1C,BE24,RESORB,로그없음,-
20260725,214005,S1C,D74B,RESORB,로그없음,-
20260726,093034,S1D,772C,RESORB,확정,_vh2026.log
20260727,212152,S1C,DF80,RESORB,로그없음,-
20260727,212217,S1C,32ED,RESORB,로그없음,-
20260727,212307,S1C,08EE,RESORB,로그없음,-
20260727,212332,S1C,9B8B,RESORB,확정,_vh2026.log
20260727,212357,S1C,B45C,RESORB,확정,_vh26.log
20260728,091614,S1D,639F,RESORB,로그없음,-
20260731,093956,S1D,F0AE,?,진행중,_vh_new26.log
20260731,094025,S1D,CE22,RESORB,로그없음,-
20260802,092231,S1D,3B05,RESORB,확정,_vh_re26.log
20260802,092300,S1D,B10F,RESORB,확정,_vh_re26.log
20260802,092325,S1D,17B9,RESORB,확정,_vh_han_17B9.log
20260802,092350,S1D,524F,RESORB,확정,_rtc_202608_kp_c.log
20260802,092415,S1D,A54D,RESORB,확정,_rtc_202608_kp_c.log
20260806,213826,S1C,7F11,RESORB,확정,_rtc_202608_kp_c.log
20260806,213851,S1C,A949,RESORB,확정,_rtc_202608_kp_c.log
20260806,213916,S1C,0868,RESORB,확정,_rtc_202608_kp_c.log
20260806,213941,S1C,D2A0,RESORB,확정,_rtc_202608_kp_c.log
20260806,214006,S1C,C05B,RESORB,확정,_rtc_202608_kp_c.log
20260807,093034,S1D,EF16,RESORB,확정,_vh_a127_26.log
20260807,093104,S1D,FC19,RESORB,확정,_vh_a127_26.log
20260807,093129,S1D,BDA2,RESORB,로그없음,-
20260808,212152,S1C,65AB,RESORB,확정,_rtc_202608_kp_c.log
20260808,212217,S1C,9A5C,RESORB,확정,_rtc_202608_kp_c.log
20260808,212307,S1C,0D06,RESORB,확정,_rtc_202608_kp_c.log
20260808,212332,S1C,3BAE,RESORB,로그없음,-
20260808,212357,S1C,2230,RESORB,로그없음,-
20260809,091614,S1D,226A,RESORB,확정,_rtc_202608_kp_d.log
20260811,214655,S1C,B808,RESORB,확정,_rtc_202608_kp_d.log
20260811,214720,S1C,F0C3,RESORB,확정,_rtc_202608_kp_d.log
20260811,214745,S1C,CC6D,RESORB,확정,_rtc_202608_kp_d.log
20260812,093957,S1D,8E47,RESORB,확정,_rtc_202608_kp_d.log
20260812,094026,S1D,7AE5,RESORB,확정,_rtc_202608_kp_d.log
20260813,213006,S1C,31FB,RESORB,확정,_rtc_202608_kp_d.log
20260813,213031,S1C,E6FC,RESORB,확정,_rtc_202608_kp_d.log
20260813,213056,S1C,7C24,RESORB,확정,_rtc_202608_kp_d.log
20260813,213121,S1C,5ACA,RESORB,확정,_rtc_202608_kp_d.log
20260813,213146,S1C,D635,RESORB,로그없음,-
20260813,213211,S1C,5940,RESORB,로그없음,-
20260813,213236,S1C,92B0,RESORB,로그없음,-
20260819,093035,S1D,7DB0,RESORB,확정,_vh_aug_a.log
20260821,091615,S1D,1274,RESORB,확정,rtc_202608_a.log
20260823,214656,S1C,9ED0,RESORB,확정,rtc_202608_a.log
20260823,214721,S1C,131D,RESORB,확정,rtc_202608_a.log
20260823,214746,S1C,410F,RESORB,확정,rtc_202608_b.log
20260824,093957,S1D,DE12,RESORB,확정,rtc_202608_b.log
20260824,094026,S1D,BEF2,RESORB,확정,rtc_202608_b.log
20260825,213114,S1C,CB51,?,진행중,rtc_r134_b.log
20260825,213229,S1C,F8B2,?,진행중,rtc_r134_a.log
